{"A": 84.68370056152344, "B": 95.22010040283203, "c": 86.07831573486328, "D": 5.637052059173584, "E": 47.623226165771484, "F": 37.2768440246582, "G": 82.50346374511719, "H": 34.55525588989258, "R": 28.436901092529297, "I": 0.08538387715816498, "S": 10.079818725585938, "J": 99.71957397460938, "T": 66.93231964111328, "U": 12.385744094848633, "V": 42.630218505859375, "W": 71.99069213867188, "K": 63.429046630859375, "L": 66.8205337524414}